<app lang="zh">
    <title>magic-ui</title>
    <init-script>
        EasyStorage.init( () => {
        $INIT$
        } );
    </init-script>
    <import dir=".">
        <group dir="magic-ui">
            <css src="mdi/materialdesignicons.min.css"/>
            <css src="atom.css"/>
            <css src="style.css"/>
            <js src="runtime.js"/>
        </group>
        <css src="animation.css"/>
        <css src="index.css"/>
        <group dir="script">
            <js src="marked/marked.min.js"/>
            <js src="marked-highlight/index.umd.js"/>
            <js src="highlight/highlight.min.js"/>
            <css src="highlight/styles/vs2015.min.css"/>
            <js src="echarts/echarts.min.js"/>
            <js src="Math/math.min.js"/>
            <js src="crypto-js/crypto-js.min.js"/>
            <js src="log.js"/>
            <js src="web-tool.js"/>
            <js src="fetch.js"/>
            <js src="locality-db-admin/tally.js"/>
            <js src="locality-db-admin/tally-record.js"/>
            <js src="locality-db-admin/ai-storage.js"/>
            <js src="global.js"/>
            <js src="Confuse.js"/>
            <js src="app.js"/>
            <js src="server/ai.js"/>
            <js src="server/tally.js"/>
            <js src="server/tally-record.js"/>
            <js src="server/pass.js"/>
        </group>
    </import>
</app>